FILE_NAME,STAGE_LOCATION,LAST_LOAD_TIME,ROW_COUNT,ROW_PARSED,FILE_SIZE,FIRST_ERROR_MESSAGE,FIRST_ERROR_LINE_NUMBER,FIRST_ERROR_CHARACTER_POS,FIRST_ERROR_COLUMN_NAME,ERROR_COUNT,ERROR_LIMIT,STATUS,TABLE_CATALOG_NAME,TABLE_SCHEMA_NAME,TABLE_NAME,PIPE_CATALOG_NAME,PIPE_SCHEMA_NAME,PIPE_NAME,PIPE_RECEIVED_TIME,BYTES_BILLED
wta_tour/1993_wta.csv.gz,stages/fabe5a45-7e5f-4bc0-acb0-9b674171b0bc/,2026-08-08 16:19:40.214 -0700,2847,2847,73600,,,,,0,2847,Loaded,TENNIS,RAW,WTA_MATCHES,,,,,
wta_tour/1991_wta.csv.gz,stages/fabe5a45-7e5f-4bc0-acb0-9b674171b0bc/,2026-08-08 16:19:40.214 -0700,2752,2752,69072,,,,,0,2752,Loaded,TENNIS,RAW,WTA_MATCHES,,,,,
wta_tour/2016_wta.csv.gz,stages/fabe5a45-7e5f-4bc0-acb0-9b674171b0bc/,2026-08-08 16:19:40.214 -0700,2893,2923,138000,Numeric value 'Q' is not recognized,150,47,"""WTA_MATCHES""[""winner_seed"":10]",30,2923,Partially loaded,TENNIS,RAW,WTA_MATCHES,,,,,
wta_tour/1996_wta.csv.gz,stages/fabe5a45-7e5f-4bc0-acb0-9b674171b0bc/,2026-08-08 16:19:40.214 -0700,2510,2517,65584,Numeric value '1037' is out of range,600,98,"""WTA_MATCHES""[""winner_rank"":17]",7,2517,Partially loaded,TENNIS,RAW,WTA_MATCHES,,,,,
wta_tour/1998_wta.csv.gz,stages/fabe5a45-7e5f-4bc0-acb0-9b674171b0bc/,2026-08-08 16:19:40.214 -0700,2119,2120,52192,Numeric value 'ALT' is not recognized,1882,101,"""WTA_MATCHES""[""loser_seed"":20]",1,2120,Partially loaded,TENNIS,RAW,WTA_MATCHES,,,,,
wta_tour/2002_wta.csv.gz,stages/fabe5a45-7e5f-4bc0-acb0-9b674171b0bc/,2026-08-08 16:19:40.214 -0700,2924,2924,77088,,,,,0,2924,Loaded,TENNIS,RAW,WTA_MATCHES,,,,,
wta_tour/2024_wta.csv.gz,stages/fabe5a45-7e5f-4bc0-acb0-9b674171b0bc/,2026-08-08 16:19:40.214 -0700,2658,2658,122528,,,,,0,2658,Loaded,TENNIS,RAW,WTA_MATCHES,,,,,
wta_tour/2012_wta.csv.gz,stages/fabe5a45-7e5f-4bc0-acb0-9b674171b0bc/,2026-08-08 16:19:40.214 -0700,2830,2849,117680,Numeric value '1114' is out of range,253,105,"""WTA_MATCHES""[""winner_rank"":17]",19,2849,Partially loaded,TENNIS,RAW,WTA_MATCHES,,,,,
wta_tour/2003_wta.csv.gz,stages/fabe5a45-7e5f-4bc0-acb0-9b674171b0bc/,2026-08-08 16:19:40.214 -0700,2710,2717,79120,Numeric value '1207' is out of range,1027,101,"""WTA_MATCHES""[""winner_rank"":17]",7,2717,Partially loaded,TENNIS,RAW,WTA_MATCHES,,,,,
wta_tour/2001_wta.csv.gz,stages/fabe5a45-7e5f-4bc0-acb0-9b674171b0bc/,2026-08-08 16:19:40.214 -0700,2882,2882,76288,,,,,0,2882,Loaded,TENNIS,RAW,WTA_MATCHES,,,,,
wta_tour/2015_wta.csv.gz,stages/fabe5a45-7e5f-4bc0-acb0-9b674171b0bc/,2026-08-08 16:19:40.214 -0700,2649,2651,108416,Numeric value '1076' is out of range,921,99,"""WTA_MATCHES""[""winner_rank"":17]",2,2651,Partially loaded,TENNIS,RAW,WTA_MATCHES,,,,,
wta_tour/2025_wta.csv.gz,stages/fabe5a45-7e5f-4bc0-acb0-9b674171b0bc/,2026-08-08 16:19:40.214 -0700,2598,2622,120944,Numeric value 'Q' is not recognized,134,98,"""WTA_MATCHES""[""loser_seed"":20]",24,2622,Partially loaded,TENNIS,RAW,WTA_MATCHES,,,,,
wta_tour/1999_wta.csv.gz,stages/fabe5a45-7e5f-4bc0-acb0-9b674171b0bc/,2026-08-08 16:19:40.214 -0700,2276,2278,56272,Numeric value 'ALT' is not recognized,1946,102,"""WTA_MATCHES""[""loser_seed"":20]",2,2278,Partially loaded,TENNIS,RAW,WTA_MATCHES,,,,,
wta_tour/2021_wta.csv.gz,stages/fabe5a45-7e5f-4bc0-acb0-9b674171b0bc/,2026-08-08 16:19:40.214 -0700,2592,2597,121936,Numeric value '280' is out of range,1102,178,"""WTA_MATCHES""[""w_1stWon"":37]",5,2597,Partially loaded,TENNIS,RAW,WTA_MATCHES,,,,,
wta_tour/2022_wta.csv.gz,stages/fabe5a45-7e5f-4bc0-acb0-9b674171b0bc/,2026-08-08 16:19:40.214 -0700,2528,2594,123328,Numeric value 'Q' is not recognized,153,105,"""WTA_MATCHES""[""loser_seed"":20]",66,2594,Partially loaded,TENNIS,RAW,WTA_MATCHES,,,,,
wta_tour/2009_wta.csv.gz,stages/fabe5a45-7e5f-4bc0-acb0-9b674171b0bc/,2026-08-08 16:19:40.214 -0700,2721,2722,112192,Numeric value '1078' is out of range,1119,78,"""WTA_MATCHES""[""winner_rank"":17]",1,2722,Partially loaded,TENNIS,RAW,WTA_MATCHES,,,,,
wta_tour/1995_wta.csv.gz,stages/fabe5a45-7e5f-4bc0-acb0-9b674171b0bc/,2026-08-08 16:19:40.214 -0700,2529,2529,66464,,,,,0,2529,Loaded,TENNIS,RAW,WTA_MATCHES,,,,,
wta_tour/2007_wta.csv.gz,stages/fabe5a45-7e5f-4bc0-acb0-9b674171b0bc/,2026-08-08 16:19:40.214 -0700,2771,2778,109696,Numeric value '1130' is out of range,828,91,"""WTA_MATCHES""[""winner_rank"":17]",7,2778,Partially loaded,TENNIS,RAW,WTA_MATCHES,,,,,
wta_tour/1992_wta.csv.gz,stages/fabe5a45-7e5f-4bc0-acb0-9b674171b0bc/,2026-08-08 16:19:40.214 -0700,2685,2685,68272,,,,,0,2685,Loaded,TENNIS,RAW,WTA_MATCHES,,,,,
wta_tour/2013_wta.csv.gz,stages/fabe5a45-7e5f-4bc0-acb0-9b674171b0bc/,2026-08-08 16:19:40.214 -0700,2705,2714,112672,Numeric value '1046' is out of range,341,105,"""WTA_MATCHES""[""winner_rank"":17]",9,2714,Partially loaded,TENNIS,RAW,WTA_MATCHES,,,,,
wta_tour/1994_wta.csv.gz,stages/fabe5a45-7e5f-4bc0-acb0-9b674171b0bc/,2026-08-08 16:19:40.214 -0700,2615,2615,67136,,,,,0,2615,Loaded,TENNIS,RAW,WTA_MATCHES,,,,,
wta_tour/1990_wta.csv.gz,stages/fabe5a45-7e5f-4bc0-acb0-9b674171b0bc/,2026-08-08 16:19:40.214 -0700,2728,2728,66384,,,,,0,2728,Loaded,TENNIS,RAW,WTA_MATCHES,,,,,
wta_tour/2014_wta.csv.gz,stages/fabe5a45-7e5f-4bc0-acb0-9b674171b0bc/,2026-08-08 16:19:40.214 -0700,2783,2785,117136,Numeric value '1116' is out of range,440,101,"""WTA_MATCHES""[""winner_rank"":17]",2,2785,Partially loaded,TENNIS,RAW,WTA_MATCHES,,,,,
wta_tour/2018_wta.csv.gz,stages/fabe5a45-7e5f-4bc0-acb0-9b674171b0bc/,2026-08-08 16:19:40.214 -0700,2747,2756,133536,Numeric value '1217' is out of range,338,127,"""WTA_MATCHES""[""winner_rank"":17]",9,2756,Partially loaded,TENNIS,RAW,WTA_MATCHES,,,,,
wta_tour/2017_wta.csv.gz,stages/fabe5a45-7e5f-4bc0-acb0-9b674171b0bc/,2026-08-08 16:19:40.214 -0700,2819,2831,136080,Numeric value '1231' is out of range,360,124,"""WTA_MATCHES""[""winner_rank"":17]",12,2831,Partially loaded,TENNIS,RAW,WTA_MATCHES,,,,,
wta_tour/2006_wta.csv.gz,stages/fabe5a45-7e5f-4bc0-acb0-9b674171b0bc/,2026-08-08 16:19:40.214 -0700,2777,2787,99808,Numeric value '1144' is out of range,682,84,"""WTA_MATCHES""[""winner_rank"":17]",10,2787,Partially loaded,TENNIS,RAW,WTA_MATCHES,,,,,
wta_tour/2020_wta.csv.gz,stages/fabe5a45-7e5f-4bc0-acb0-9b674171b0bc/,2026-08-08 16:19:40.214 -0700,1241,1276,63808,Numeric value '1168' is out of range,64,88,"""WTA_MATCHES""[""winner_rank"":17]",35,1276,Partially loaded,TENNIS,RAW,WTA_MATCHES,,,,,
wta_tour/2004_wta.csv.gz,stages/fabe5a45-7e5f-4bc0-acb0-9b674171b0bc/,2026-08-08 16:19:40.214 -0700,2805,2805,82432,,,,,0,2805,Loaded,TENNIS,RAW,WTA_MATCHES,,,,,
wta_tour/2005_wta.csv.gz,stages/fabe5a45-7e5f-4bc0-acb0-9b674171b0bc/,2026-08-08 16:19:40.214 -0700,2836,2843,87040,Numeric value '1101' is out of range,948,102,"""WTA_MATCHES""[""winner_rank"":17]",7,2843,Partially loaded,TENNIS,RAW,WTA_MATCHES,,,,,
wta_tour/2010_wta.csv.gz,stages/fabe5a45-7e5f-4bc0-acb0-9b674171b0bc/,2026-08-08 16:19:40.214 -0700,2781,2781,114112,,,,,0,2781,Loaded,TENNIS,RAW,WTA_MATCHES,,,,,
wta_tour/2026_wta.csv.gz,stages/fabe5a45-7e5f-4bc0-acb0-9b674171b0bc/,2026-08-08 16:19:40.214 -0700,0,0,83744,"Error with CSV header: header defined 50 columns while data contains 49 columns. 
End of record reached while expected to parse column '""WTA_MATCHES""[""l_bpFaced"":50]'
  File 'wta_tour/2026_wta.csv.gz', line 1752, character 208
  Row 1751, column ""WTA_MATCHES""[""l_bpFaced"":50]",,,,2,1,Load failed,TENNIS,RAW,WTA_MATCHES,,,,,
wta_tour/2008_wta.csv.gz,stages/fabe5a45-7e5f-4bc0-acb0-9b674171b0bc/,2026-08-08 16:19:40.214 -0700,2790,2791,112384,Numeric value '1040' is out of range,355,104,"""WTA_MATCHES""[""winner_rank"":17]",1,2791,Partially loaded,TENNIS,RAW,WTA_MATCHES,,,,,
wta_tour/wta_ongoing_tourneys.csv.gz,stages/fabe5a45-7e5f-4bc0-acb0-9b674171b0bc/,2026-08-08 16:19:40.214 -0700,80,80,5520,,,,,0,80,Loaded,TENNIS,RAW,WTA_MATCHES,,,,,
wta_tour/2023_wta.csv.gz,stages/fabe5a45-7e5f-4bc0-acb0-9b674171b0bc/,2026-08-08 16:19:40.214 -0700,2801,2810,130592,Numeric value '1003' is out of range,38,88,"""WTA_MATCHES""[""winner_rank"":17]",9,2810,Partially loaded,TENNIS,RAW,WTA_MATCHES,,,,,
wta_tour/2011_wta.csv.gz,stages/fabe5a45-7e5f-4bc0-acb0-9b674171b0bc/,2026-08-08 16:19:40.214 -0700,2801,2804,115008,Numeric value '1027' is out of range,1239,100,"""WTA_MATCHES""[""winner_rank"":17]",3,2804,Partially loaded,TENNIS,RAW,WTA_MATCHES,,,,,
wta_tour/2019_wta.csv.gz,stages/fabe5a45-7e5f-4bc0-acb0-9b674171b0bc/,2026-08-08 16:19:40.214 -0700,2743,2743,130288,,,,,0,2743,Loaded,TENNIS,RAW,WTA_MATCHES,,,,,
wta_tour/1997_wta.csv.gz,stages/fabe5a45-7e5f-4bc0-acb0-9b674171b0bc/,2026-08-08 16:19:40.214 -0700,2560,2564,67200,Numeric value '1040' is out of range,1118,94,"""WTA_MATCHES""[""winner_rank"":17]",4,2564,Partially loaded,TENNIS,RAW,WTA_MATCHES,,,,,
wta_tour/2000_wta.csv.gz,stages/fabe5a45-7e5f-4bc0-acb0-9b674171b0bc/,2026-08-08 16:19:40.214 -0700,2357,2357,58240,,,,,0,2357,Loaded,TENNIS,RAW,WTA_MATCHES,,,,,
